{
  "project_info": {
    "project_number": "597194192885",
    "firebase_url": "https://sensor-iot-6227f.firebaseio.com",
    "project_id": "sensor-iot-6227f",
    "storage_bucket": "sensor-iot-6227f.appspot.com"
  },
  "client": [
    {
      "client_info": {
        "mobilesdk_app_id": "1:597194192885:android:30c46643a6c0b53a7a12bc",
        "android_client_info": {
          "package_name": "com.example.iot_sensorjava"
        }
      },
      "oauth_client": [
        {
          "client_id": "597194192885-3vhu899n6hp3ggmtsfjim4vfco2rl8lv.apps.googleusercontent.com",
          "client_type": 1,
          "android_info": {
            "package_name": "com.example.iot_sensorjava",
            "certificate_hash": "ecc9a0be1533801d1ea8c8812a2d697e46aa121d"
          }
        },
        {
          "client_id": "597194192885-hi4msgujg8m1rd02m1023qh6dh2ad1ae.apps.googleusercontent.com",
          "client_type": 3
        }
      ],
      "api_key": [
        {
          "current_key": "AIzaSyCWZlEmJECXSSbN9erDVPdf26Fydd8QBs8"
        }
      ],
      "services": {
        "appinvite_service": {
          "other_platform_oauth_client": [
            {
              "client_id": "597194192885-hi4msgujg8m1rd02m1023qh6dh2ad1ae.apps.googleusercontent.com",
              "client_type": 3
            }
          ]
        }
      }
    },
    {
      "client_info": {
        "mobilesdk_app_id": "1:597194192885:android:a2fbe7ac6b80532f7a12bc",
        "android_client_info": {
          "package_name": "com.example.sensor_iot"
        }
      },
      "oauth_client": [
        {
          "client_id": "597194192885-dir3259otqm529uuj1bq9oga5a7s0fev.apps.googleusercontent.com",
          "client_type": 1,
          "android_info": {
            "package_name": "com.example.sensor_iot",
            "certificate_hash": "ecc9a0be1533801d1ea8c8812a2d697e46aa121d"
          }
        },
        {
          "client_id": "597194192885-hi4msgujg8m1rd02m1023qh6dh2ad1ae.apps.googleusercontent.com",
          "client_type": 3
        }
      ],
      "api_key": [
        {
          "current_key": "AIzaSyCWZlEmJECXSSbN9erDVPdf26Fydd8QBs8"
        }
      ],
      "services": {
        "appinvite_service": {
          "other_platform_oauth_client": [
            {
              "client_id": "597194192885-hi4msgujg8m1rd02m1023qh6dh2ad1ae.apps.googleusercontent.com",
              "client_type": 3
            }
          ]
        }
      }
    }
  ],
  "configuration_version": "1"
}